{"loss":{"0":2.6596212387,"1":1.4429109097,"2":0.9001469612,"3":0.6251168251,"4":0.3896828592,"5":0.2877965569,"6":0.2321850955,"7":0.1998767555,"8":0.1801268607,"9":0.1650490314},"acc":{"0":0.2829697132,"1":0.5803617835,"2":0.6939205527,"3":0.7856834531,"4":0.8687646985,"5":0.8996642828,"6":0.91862607,"7":0.9295287728,"8":0.9360275865,"9":0.9411800504},"val_loss":{"0":2.2854804993,"1":1.1251188517,"2":1.4204807281,"3":2.2100737095,"4":1.6324700117,"5":2.0045733452,"6":1.1426602602,"7":4.8030295372,"8":1.4559277296,"9":1.557579875},"val_acc":{"0":0.2578861117,"1":0.360006243,"2":0.4357807338,"3":0.4609190524,"4":0.4698558152,"5":0.4771614671,"6":0.4784786999,"7":0.4760801494,"8":0.4963033497,"9":0.4936430156}}