{"loss":{"0":2.7842884064,"1":1.4078162909,"2":1.004119873,"3":0.8889909387,"4":0.7949607372,"5":0.6190980673,"6":0.3634822667,"7":0.2657032907,"8":0.2188063115,"9":0.1916479021},"acc":{"0":0.263281852,"1":0.5757398009,"2":0.6451578736,"3":0.6708193421,"4":0.7049281001,"5":0.7758716941,"6":0.873883605,"7":0.9082944393,"8":0.925070703,"9":0.9341183901},"val_loss":{"0":2.3220257759,"1":1.0667777061,"2":1.0233995914,"3":1.2054746151,"4":1.0302671194,"5":1.1265394688,"6":4.8700575829,"7":1.3951770067,"8":1.6943844557,"9":1.4217076302},"val_acc":{"0":0.1784112602,"1":0.3476888537,"2":0.4462263286,"3":0.4866496027,"4":0.5027458072,"5":0.5292166471,"6":0.5306763649,"7":0.535582006,"8":0.5288701653,"9":0.5320304632}}