{"loss":{"0":2.5704443455,"1":1.4087104797,"2":0.9793781042,"3":0.7918159962,"4":0.604968071,"5":0.4075844586,"6":0.3228669465,"7":0.274556756,"8":0.2454000562,"9":0.2238494754},"acc":{"0":0.289524287,"1":0.5740147233,"2":0.6550342441,"3":0.7235084772,"4":0.789234519,"5":0.8556226492,"6":0.885873735,"7":0.9035757184,"8":0.9134207964,"9":0.9202394485},"val_loss":{"0":2.5525405407,"1":1.0570597649,"2":0.9363266826,"3":1.2091614008,"4":2.8296325207,"5":1.7394108772,"6":1.975769639,"7":2.0616929531,"8":3.2977688313,"9":2.867982626},"val_acc":{"0":0.2123226076,"1":0.3680664599,"2":0.4625173509,"3":0.5058597326,"4":0.5183590055,"5":0.5295628309,"6":0.5265522599,"7":0.5113256574,"8":0.5081874728,"9":0.5097686648}}