{"loss":{"0":6.387676239,"1":6.3292899132,"2":6.201839447,"3":6.0678277016,"4":5.9255418777,"5":5.7638969421,"6":5.5829582214,"7":5.3725972176,"8":5.1419095993,"9":4.89392519,"10":4.6275267601,"11":4.3579273224,"12":4.1191358566,"13":3.8965637684,"14":3.6988089085,"15":3.5245668888,"16":3.3697798252,"17":3.2274487019,"18":3.0994606018,"19":2.9855217934,"20":2.8788635731,"21":2.7821507454,"22":2.6947324276,"23":2.6143257618,"24":2.5404272079,"25":2.4703626633,"26":2.4088144302,"27":2.3497738838,"28":2.2953488827,"29":2.2434329987,"30":2.1965687275,"31":2.1534428596,"32":2.1105542183,"33":2.0700392723,"34":2.0316956043,"35":1.9958826303,"36":1.9614588022,"37":1.9293019772,"38":1.8988723755,"39":1.869497776,"40":1.8423757553,"41":1.8160470724,"42":1.7905316353,"43":1.7659014463,"44":1.7423590422,"45":1.7208836079,"46":1.6999067068,"47":1.6795642376,"48":1.6597049236,"49":1.640537858,"50":1.622631669,"51":1.606036067,"52":1.5893640518,"53":1.5737087727,"54":1.5577921867,"55":1.5427045822,"56":1.5285096169,"57":1.5142563581,"58":1.5002983809,"59":1.4877154827,"60":1.4740345478,"61":1.4623421431,"62":1.4506459236,"63":1.4382183552,"64":1.4274412394},"acc":{"0":0.0005482456,"1":0.0003189318,"2":0.00087373,"3":0.0928302258,"4":0.2415486425,"5":0.3439821899,"6":0.4092913568,"7":0.4667350948,"8":0.4988549352,"9":0.5235831738,"10":0.5490228534,"11":0.573805809,"12":0.5889911056,"13":0.607329011,"14":0.62090832,"15":0.6342006326,"16":0.6441002488,"17":0.655133009,"18":0.6650279164,"19":0.6722018719,"20":0.6805967093,"21":0.6883064508,"22":0.6943109632,"23":0.7005134821,"24":0.7055332065,"25":0.7113426924,"26":0.7153089046,"27":0.7201196551,"28":0.7244132161,"29":0.7283255458,"30":0.7316755056,"31":0.735222578,"32":0.7386462092,"33":0.7420113683,"34":0.7450147867,"35":0.7482600808,"36":0.7510979772,"37":0.7533156276,"38":0.755471468,"39":0.7577582002,"40":0.7597614527,"41":0.7617851496,"42":0.7640303373,"43":0.7661386728,"44":0.7682067752,"45":0.7697142363,"46":0.7715021968,"47":0.7731617689,"48":0.7750513554,"49":0.7770552039,"50":0.7786521316,"51":0.7797373533,"52":0.7811318636,"53":0.7822711468,"54":0.7836431265,"55":0.7851989865,"56":0.7863416076,"57":0.7875564694,"58":0.7889938354,"59":0.7901405096,"60":0.7915565372,"61":0.7923653722,"62":0.7932917476,"63":0.7948729396,"64":0.7955965996},"val_loss":{"0":6.5201230049,"1":6.2315254211,"2":5.9150729179,"3":5.6099491119,"4":5.2817234993,"5":4.8734302521,"6":4.3786349297,"7":3.8085889816,"8":3.1831099987,"9":2.5358064175,"10":1.9440932274,"11":1.5284000635,"12":1.3095989227,"13":1.1913926601,"14":1.1235343218,"15":1.0612280369,"16":1.014950037,"17":0.9885852337,"18":0.9699813128,"19":0.9579896927,"20":0.9515506029,"21":0.9426396489,"22":0.9473300576,"23":0.9428024292,"24":0.9503819346,"25":0.954611063,"26":0.948418498,"27":0.9464772344,"28":0.9556370974,"29":0.9770810008,"30":0.9532259703,"31":0.9746510386,"32":0.9624926448,"33":0.983561635,"34":0.9656758904,"35":1.0128290653,"36":0.9710738659,"37":0.9700742364,"38":0.9555683136,"39":0.9583780766,"40":0.9791887999,"41":0.9908768535,"42":0.9783269167,"43":0.9588737488,"44":0.9965045452,"45":0.9740048647,"46":0.9411502481,"47":0.948004961,"48":0.9951663613,"49":0.9786164761,"50":0.9974585772,"51":0.9995447993,"52":1.014267683,"53":1.0043764114,"54":0.9894497395,"55":1.0092916489,"56":1.0035595894,"57":1.0245448351,"58":0.9463813305,"59":0.9653926492,"60":0.9321702123,"61":0.9219127297,"62":0.9644690752,"63":0.9563977122,"64":0.977126956},"val_acc":{"0":0.0000497041,"1":0.0000467803,"2":0.0002769228,"3":0.1880022883,"4":0.3023112416,"5":0.3785227835,"6":0.4329595864,"7":0.4737871885,"8":0.5055420399,"9":0.5309459567,"10":0.5518012643,"11":0.5702881813,"12":0.5877383351,"13":0.6035443544,"14":0.6178941131,"15":0.6305371523,"16":0.6417822242,"17":0.6519226432,"18":0.6611697674,"19":0.6695526242,"20":0.677164793,"21":0.6840741634,"22":0.6903793812,"23":0.6962403059,"24":0.7016489506,"25":0.7067233324,"26":0.7114809752,"27":0.7158797383,"28":0.7199815512,"29":0.7237882614,"30":0.727404952,"31":0.7308111787,"32":0.734017849,"33":0.7370200753,"34":0.7398670912,"35":0.7425100803,"36":0.7450182438,"37":0.7475281954,"38":0.7497500181,"39":0.7520654798,"40":0.7541598678,"41":0.7561860681,"42":0.7581342459,"43":0.7600598931,"44":0.7618247271,"45":0.7634614706,"46":0.7651172876,"47":0.7667205334,"48":0.768219769,"49":0.7696610689,"50":0.7710692286,"51":0.7724073529,"52":0.7737138271,"53":0.7748957872,"54":0.7760828733,"55":0.777233541,"56":0.7783603668,"57":0.7793949246,"58":0.780408442,"59":0.7814257741,"60":0.7824337482,"61":0.7834407687,"62":0.7842691541,"63":0.785099864,"64":0.7859933972}}