{"loss":{"0":6.2480130196,"1":6.2060728073,"2":6.069211483,"3":5.927614212,"4":5.7752175331,"5":5.617172718,"6":5.4337921143,"7":5.2329158783,"8":5.0016489029,"9":4.7626714706,"10":4.5059666634,"11":4.262942791,"12":4.0249066353,"13":3.8095486164,"14":3.6172420979,"15":3.444388628,"16":3.2949545383,"17":3.1560175419,"18":3.0332996845,"19":2.919718504,"20":2.8170728683,"21":2.7253258228,"22":2.6409263611,"23":2.5629162788,"24":2.4917743206,"25":2.4251737595,"26":2.3610203266,"27":2.2996737957,"28":2.2430260181,"29":2.1938989162,"30":2.1486923695,"31":2.1052293777,"32":2.0638656616,"33":2.0239942074,"34":1.9864766598,"35":1.9526618719,"36":1.920568943,"37":1.8899458647,"38":1.8594615459,"39":1.8334736824,"40":1.8064211607,"41":1.7814142704,"42":1.7568763494,"43":1.7330636978,"44":1.7103829384,"45":1.6888463497,"46":1.667396307,"47":1.6478204727,"48":1.6296880245,"49":1.6123279333,"50":1.5953320265,"51":1.5782864094,"52":1.5615642071,"53":1.5456084013,"54":1.5303293467,"55":1.5163760185,"56":1.5025942326,"57":1.4895530939,"58":1.476356864,"59":1.4636271,"60":1.4517077208,"61":1.4398844242,"62":1.4280902147,"63":1.417412281,"64":1.4066693783,"65":1.3966318369,"66":1.3863588572,"67":1.3770620823,"68":1.3666466475,"69":1.3572230339,"70":1.3484265804,"71":1.3401364088,"72":1.3313637972,"73":1.3228096962,"74":1.3140778542,"75":1.3065428734,"76":1.2992550135,"77":1.2914563417,"78":1.2842022181,"79":1.2771252394,"80":1.2696666718,"81":1.2623786926,"82":1.2556878328,"83":1.2483406067,"84":1.2418469191,"85":1.2356365919},"acc":{"0":0.0004222973,"1":0.0003781576,"2":0.0445610955,"3":0.2221577018,"4":0.3543519676,"5":0.4232699573,"6":0.4772402346,"7":0.5131767392,"8":0.5511338115,"9":0.5696787238,"10":0.5919050574,"11":0.6016902328,"12":0.6168267727,"13":0.6309686303,"14":0.6453470588,"15":0.6587092876,"16":0.666929543,"17":0.6753631234,"18":0.6826962829,"19":0.69095397,"20":0.6979723573,"21":0.7039353848,"22":0.7089062333,"23":0.7137606144,"24":0.7185142636,"25":0.7229471207,"26":0.7284918427,"27":0.7344514132,"28":0.7395022511,"29":0.7425978184,"30":0.7457668185,"31":0.7485587001,"32":0.7518509626,"33":0.7552424073,"34":0.7579616904,"35":0.7598690987,"36":0.7617945075,"37":0.764318049,"38":0.7672162652,"39":0.7685567737,"40":0.7707234621,"41":0.7723220587,"42":0.7742341757,"43":0.7760916352,"44":0.7779349685,"45":0.7795995474,"46":0.7815597057,"47":0.7829101086,"48":0.7840817571,"49":0.7850059867,"50":0.786179781,"51":0.7874190211,"52":0.78867203,"53":0.7901587486,"54":0.7912144661,"55":0.792237699,"56":0.7933260798,"57":0.7942911983,"58":0.7952475548,"59":0.7969053388,"60":0.7978841662,"61":0.7986924052,"62":0.799593389,"63":0.8003491759,"64":0.8010475039,"65":0.8017845154,"66":0.8024858832,"67":0.803119421,"68":0.804287672,"69":0.8049905896,"70":0.805773735,"71":0.8061967492,"72":0.8068166375,"73":0.8075329661,"74":0.8082179427,"75":0.8086012602,"76":0.8090732098,"77":0.8097279668,"78":0.8102790713,"79":0.8108890653,"80":0.8115602136,"81":0.8123475909,"82":0.8128761649,"83":0.8139503002,"84":0.8146184087,"85":0.8150520921},"val_loss":{"0":6.1742243767,"1":6.3126730919,"2":6.1704440117,"3":5.7099399567,"4":5.1477169991,"5":4.7144246101,"6":4.2450566292,"7":3.7043037415,"8":3.091520071,"9":2.488099575,"10":1.9384782314,"11":1.6589144468,"12":1.5868802071,"13":1.5945630074,"14":1.488373518,"15":1.3817402124,"16":1.3283635378,"17":1.326587677,"18":1.3212429285,"19":1.3932291269,"20":1.3305372,"21":1.3107987642,"22":1.1954081059,"23":1.2184414864,"24":1.2328213453,"25":1.2079614401,"26":1.0632209778,"27":1.0329455137,"28":1.1114033461,"29":1.1369948387,"30":1.0819842815,"31":1.1389757395,"32":1.0462492704,"33":1.0323958397,"34":1.2639539242,"35":1.0996382236,"36":1.0411753654,"37":1.0119752884,"38":1.0300637484,"39":1.0150489807,"40":1.0265723467,"41":1.0266655684,"42":1.1233234406,"43":1.0038380623,"44":1.0635969639,"45":0.995724678,"46":0.9817091823,"47":1.0166354179,"48":0.9657015204,"49":0.9632120132,"50":0.9626204967,"51":0.9690659642,"52":0.9961755276,"53":0.97887218,"54":0.9608035684,"55":0.9796983004,"56":0.9911432266,"57":0.9651796818,"58":1.0041720867,"59":1.0446425676,"60":1.0107949972,"61":1.019611001,"62":0.9595477581,"63":0.9460675716,"64":1.1381291151,"65":1.32908988,"66":0.9677885771,"67":0.9646453857,"68":1.08396101,"69":1.0015404224,"70":0.9767273664,"71":0.9692490101,"72":0.9907729626,"73":1.0732095242,"74":0.952758491,"75":1.1326518059,"76":0.9570994973,"77":1.9198862314,"78":1.0914419889,"79":1.1987208128,"80":0.98725456,"81":1.0753635168,"82":1.1953120232,"83":1.153108716,"84":1.5213173628,"85":1.0639488697},"val_acc":{"0":0.0004357485,"1":0.0002713112,"2":0.0002616142,"3":0.098831363,"4":0.2309331149,"5":0.3194667399,"6":0.3827054203,"7":0.4301344156,"8":0.4670236409,"9":0.4965350032,"10":0.5206869245,"11":0.5408115387,"12":0.5578731894,"13":0.5725910664,"14":0.5860934854,"15":0.5989965796,"16":0.6109057665,"17":0.6216534376,"18":0.6312991977,"19":0.6397494674,"20":0.6476159096,"21":0.6546267867,"22":0.6615861654,"23":0.667784214,"24":0.6732348204,"25":0.6782984138,"26":0.6834207177,"27":0.688375175,"28":0.6926511526,"29":0.6966315508,"30":0.700427413,"31":0.7038806677,"32":0.707570374,"33":0.7114161253,"34":0.7140737176,"35":0.7168602943,"36":0.7198670506,"37":0.7230756879,"38":0.7259547114,"39":0.7287797928,"40":0.7312498093,"41":0.7336520553,"42":0.735435605,"43":0.7376921773,"44":0.7398722172,"45":0.7420215607,"46":0.7441565394,"47":0.745983243,"48":0.7480077744,"49":0.7498759627,"50":0.7516302466,"51":0.7533961535,"52":0.7548148036,"53":0.7565069795,"54":0.7580965161,"55":0.7595600486,"56":0.7609503865,"57":0.7623725533,"58":0.7635821104,"59":0.7644340396,"60":0.7655133009,"61":0.7666848302,"62":0.7679262757,"63":0.7691732645,"64":0.7700832486,"65":0.7705917358,"66":0.7717188597,"67":0.7727530599,"68":0.7732798457,"69":0.7741633654,"70":0.7750640512,"71":0.775967896,"72":0.7768062949,"73":0.7774682641,"74":0.778383255,"75":0.7788552046,"76":0.7797141075,"77":0.7757353783,"78":0.776216507,"79":0.7766310573,"80":0.7773992419,"81":0.7779977918,"82":0.7786073089,"83":0.7791686058,"84":0.7784789801,"85":0.7790741324}}